handler,fleet_config,num_samples,faithfulness,answer_relevancy,context_precision,context_recall
pinecone-oai,no-fleet,18,0.9137548181665829,0.8481164885478307,0.4655826738048013,
pinecone-oai,shield,18,0.626984126984127,0.6057096764172056,0.24575491337516173,
pinecone-oai,non-shield,18,0.9083333333333334,0.8392426551949321,0.43223878163140406,
oai-responses,no-fleet,18,0.9262820512820513,0.9292158720533735,0.9999999999111111,
oai-assistant,no-fleet,18,0.939351851851852,0.9200223920371945,0.9999999999083333,
